,Unnamed: 0,District,Latitude,longitude,ACTIVE CASES,CONFIRMED CASES,DECEASED CASES,RECOVERED CASES
0,0,Baksa,26.6935,91.5984,235,687,5,447
1,1,Barpeta,26.34142215,91.01674328,93,1121,4,1024
2,2,Biswanath,26.7773957,93.25694367,88,467,0,379
3,3,Bongaigaon,26.4800126,90.5580387,466,1303,3,834
4,4,Cachar,24.75863995,92.88166476,4585,6111,28,1498
5,5,Charaideo,27.06971635,95.06426298,5,113,3,105
6,6,Chirang,26.646423100000003,90.62415699,59,280,2,219
7,7,Darrang,26.75,92.5,225,1967,12,1730
8,8,Dhemaji,27.4668315,94.51786509,323,765,2,440
9,9,Dhubri,26.01894625,89.94188952,504,1723,4,1215
10,10,Dibrugarh,27.484459700000002,94.9019447,5623,8085,53,2409
11,11,Dima Hasao,25.40036255,93.07522923,38,237,0,199
12,12,Goalpara,26.178362300000003,90.6226683,38,658,1,568
13,13,Golaghat,26.40490095,94.03209112,954,2620,10,1656
14,14,Hailakandi,24.68845365,92.57381528,509,1632,7,1116
15,15,Hojai,26.00939085,92.84879014,478,1646,8,1160
16,16,Jorhat,26.757792499999997,94.2079645,3985,5754,17,1752
17,17,Kamrup,26.12755515,91.29987148,2496,4590,20,2074
18,18,Kamrup Metropolitan,26.13526375,91.86167063,22020,36695,76,14599
19,19,Karbi Anglong,26.0,93.5,72,632,8,552
20,20,Karimganj,24.8483482,92.33221292,222,1200,23,955
21,21,Kokrajhar,26.58687695,90.29293105,47,408,8,353
22,22,Lakhimpur,27.98506015,80.75384538,903,2040,2,1135
23,23,Majuli,27.02195285,94.32742303,84,165,1,80
24,24,Morigaon,26.257832500000003,92.3419427,79,638,2,557
25,25,Nagaon,26.30414915,92.71605974,1999,4515,10,2506
26,26,Nalbari,26.42386165,91.45122755,111,948,9,828
27,27,Sivasagar,26.9834936,94.63942259999999,46,529,10,473
28,28,Sonitpur,26.76777075,92.70140886,620,2351,4,1727
29,29,South Salmara Mankachar,25.760447199999998,89.89280611,4,51,0,47
30,30,Tinsukia,27.52016575,95.53063473,1545,3366,23,1798
31,31,Udalguri,26.776480300000003,92.10537534,88,758,4,666
32,32,West Karbi Anglong,25.85291415,92.58756812,1,39,1,37
33,33,Araria,26.26498795,87.37162648,790,4257,14,3453
34,34,Arwal,25.18077715,84.65920203,129,1525,7,1389
35,35,Aurangabad,19.877263,75.33902409999999,348,3266,8,2910
36,36,Banka,24.8655681,86.87278642,226,1982,8,1748
37,37,Begusarai,25.512719399999998,86.09057109,257,5847,23,5567
38,38,Bhagalpur,25.28669805,87.13225355,624,6577,53,5900
39,39,Bhojpur,25.25,84.25,170,3855,29,3656
40,40,Buxar,25.5620715,84.01567205,193,3199,10,2996
41,41,Darbhanga,26.08314325,86.03257097,368,2780,20,2392
42,42,East Champaran,26.646055100000005,84.9135447,520,5792,33,5239
43,43,Gaya,24.7964355,85.0079563,365,5132,44,4723
44,44,Gopalganj,26.4207265,84.37406407,519,3468,2,2947
45,45,Jamui,24.96785205,86.17351147,175,1850,6,1669
46,46,Jehanabad,25.15247135,85.00687849,222,2665,8,2435
47,47,Kaimur,24.97486435,83.57643905,120,1458,9,1329
48,48,Katihar,25.56090035,87.64765354,415,5166,11,4740
49,49,Khagaria,25.4916868,86.69910848,160,2508,9,2339
50,50,Kishanganj,26.29863795,87.95314811,289,2588,7,2292
51,51,Lakhisarai,25.1677029,86.05935924,337,2209,6,1866
52,52,Madhepura,25.9259562,86.82042961,345,2611,9,2257
53,53,Madhubani,26.350071999999997,86.22914689,461,5372,16,4895
54,54,Munger,25.22081165,86.51720367,165,2602,36,2401
55,55,Muzaffarpur,26.148658100000002,85.34001282,701,7043,29,6313
56,56,Nalanda,25.1364914,85.44365465,384,5088,37,4667
57,57,Nawada,24.818123999999997,85.51855623,240,2443,16,2187
58,58,Patna,25.609323899999996,85.1235252,1804,23993,188,22001
59,59,Purnia,25.777360100000003,87.4731227,670,5054,6,4378
60,60,Rohtas,24.93928775,84.01945449,306,4842,33,4503
61,61,Saharsa,25.83264165,86.61489283,554,4054,7,3493
62,62,Samastipur,25.7744929,85.86626813,309,3816,26,3481
63,63,Saran,25.90835495,84.78074761,472,4937,26,4439
64,64,Sheikhpura,25.12635425,85.81510621,162,1978,5,1811
65,65,Sheohar,26.49436945,85.2728056,92,929,1,836
66,66,Sitamarhi,26.5876547,85.5056744,260,3095,10,2825
67,67,Siwan,26.1310043,84.39125661,257,3306,19,3030
68,68,Supaul,23.7337,69.8597,407,3104,8,2689
69,69,Vaishali,25.75,85.416667,243,3799,27,3528
70,70,West Champaran,26.6919717,84.57969279999999,454,4199,16,3729
71,71,Chandigarh,30.7194022,76.7646552,2586,7542,89,4864
72,72,Balod,20.73218365,81.14335738,558,992,1,433
73,73,Baloda Bazar,21.57264595,82.43670692,517,1478,12,949
74,74,Balrampur,27.450480499999998,82.39541774,220,559,1,338
76,76,Bastar,19.11912825,81.82918649,639,1452,5,808
77,77,Bijapur,18.76904135,80.74151193,383,896,6,507
78,78,Bilaspur,28.868052600000002,79.29838501,2611,4143,59,1473
80,80,Dhamtari,20.7083903,81.54852530000001,508,910,2,400
81,81,Durg,21.19903535,81.39795456,3348,6085,53,2684
82,82,Gariaband,20.42857015,82.24698985,272,707,6,429
83,83,Janjgir Champa,21.967126399999998,82.66472425,1121,2280,13,1146
84,84,Jashpur,22.76678355,83.95304519,224,694,2,468
86,86,Kondagaon,19.588576899999996,81.6628742,300,645,1,344
87,87,Korba,22.51976955,82.62951462,476,1380,5,899
88,88,Koriya,23.43141435,82.31393341,449,839,7,383
89,89,Mahasamund,21.1882332,82.48484762,783,1260,15,462
90,90,Mungeli,22.0661098,81.6874282,356,672,0,316
91,91,Narayanpur,26.96392335,93.82558574,157,758,0,601
92,92,Raigarh,22.5,83.5,1548,3387,35,1804
93,93,Raipur,21.237946899999997,81.6336833,13105,21229,240,7884
94,94,Rajnandgaon,20.9727404,80.69155548,2544,4772,32,2196
95,95,Sukma,18.26654225,81.29252341,348,911,2,561
96,96,Surajpur,23.35151515,82.97290273,407,752,4,341
97,97,Surguja,22.94941835,83.16554915,501,1256,8,747
98,98,Uttar Bastar Kanker,20.1270026,80.98109349,427,1036,6,603
99,99,Gaurela Pendra Marwahi,23.0043821,82.05722809999999,102,140,0,38
100,100,Central Delhi,28.69854835,77.21939142,184,184,0,0
101,101,East Delhi,28.620476699999998,77.30918071,38,38,0,0
102,102,New Delhi,28.613895399999997,77.2090057,37,37,0,0
103,103,North Delhi,28.613895399999997,77.2090057,60,60,0,0
104,104,North East Delhi,28.72330795,77.26685651,25,25,0,0
105,105,North West Delhi,28.613895399999997,77.2090057,31,32,1,0
106,106,Shahdara,28.6733333,77.2890248,48,48,0,0
107,107,South Delhi,28.485169399999997,77.19637972,70,70,0,0
108,108,South East Delhi,28.544441100000004,77.27287302,130,130,0,0
109,109,South West Delhi,28.58644805,76.97915298,42,42,0,0
110,110,West Delhi,28.647951899999995,77.08556541,122,122,0,0
111,111,Dadra and Nagar Haveli,20.2735169,73.0043578,160,1314,1,1148
112,112,Daman,20.42000485,72.86376290000001,71,1132,1,1047
113,113,Diu,20.7137783,70.9853635,26,260,0,223
114,114,North Goa,15.60444125,74.00172406,1639,2668,65,964
115,115,South Goa,15.21961365,74.11528129999999,1978,3511,126,1407
116,116,Ahmedabad,23.0216238,72.5797068,4233,33553,1754,27566
117,117,Amreli,20.866667,70.75,369,1611,23,1219
118,118,Anand,22.5584995,72.96256290000001,87,922,16,819
119,119,Aravalli,16.629962900000002,81.6057455,106,489,24,359
120,120,Banaskantha,24.172056,72.431134,3,1375,20,1352
121,121,Bharuch,21.75,73.0,223,1837,14,1600
122,122,Bhavnagar,21.771883600000002,72.1416449,371,3403,49,2983
123,123,Botad,22.1686,71.6685,127,603,5,471
124,124,Chhota Udaipur,22.3048651,74.01261140000001,86,410,2,322
125,125,Dahod,22.8358542,74.2556782,303,1409,6,1100
126,126,Dang,20.8254,73.7007,26,78,0,52
127,127,Devbhumi Dwarka,22.2471009,68.9742446,69,413,4,340
128,128,Gandhinagar,23.223287699999997,72.6492267,453,2882,63,2366
129,129,Gir Somnath,20.8907001,70.40252659999999,184,1150,16,950
130,130,Jamnagar,22.4732415,70.0552102,325,4048,29,3694
131,131,Junagadh,21.5174104,70.4642754,278,2155,29,1848
132,132,Kheda,22.75,72.833333,69,1087,16,1002
133,133,Kutch,23.7337,69.8597,379,1575,31,1165
134,134,Mahisagar,23.1916967,73.6626353,100,729,3,626
135,135,Mehsana,23.588,72.3693,601,1906,29,1276
136,136,Morbi,22.817666199999998,70.8345928,282,1235,15,938
137,137,Narmada,22.6737188,77.5795269,100,764,0,664
138,138,Navsari,20.952407,72.9323831,120,1030,6,904
139,139,Panchmahal,28.6271026,77.31016494,371,1824,17,1436
140,140,Patan,23.77405735,71.68373466,132,1301,39,1130
141,141,Porbandar,21.6409,69.611,12,370,4,354
142,142,Rajkot,22.3051991,70.80283349999999,2080,6546,112,4354
143,143,Sabarkantha,24.0294885,73.04598840000001,187,852,10,655
144,144,Surat,21.1702,72.8311,2605,23985,686,20694
145,145,Surendranagar,22.75,71.666667,378,1410,11,1021
146,146,Tapi,21.1787195,75.44245,10,454,4,440
147,147,Vadodara,22.2973142,73.1942567,1457,9694,146,8091
148,148,Valsad,20.4324018,73.14117156,77,1074,10,987
149,149,Bilaspur,28.868052600000002,79.29838501,183,496,1,312
150,150,Chamba,32.5534,76.1258,178,627,5,440
151,151,Hamirpur,25.75,80.0,169,734,5,560
152,152,Kangra,32.166667,76.25,570,1433,14,849
153,153,Kinnaur,31.586346000000002,78.3968441,44,121,0,77
154,154,Kullu,32.00186325,77.3789964,119,383,1,263
155,155,Lahaul and Spiti,32.5038495,77.58227188,11,19,0,8
156,156,Mandi,33.8688299,74.31880473,369,763,8,386
157,157,Shimla,31.104152600000003,77.17097290000001,242,583,11,323
158,158,Sirmaur,30.75,77.5,286,1195,4,905
159,159,Solan,30.92589585,77.08200509,709,2072,15,1345
160,160,Una,31.4685,76.2708,316,803,8,479
161,161,Ambala,30.3843674,76.770421,1152,5641,57,4432
162,162,Bhiwani,28.793170299999996,76.1391283,337,1927,19,1571
163,163,Charkhi Dadri,28.591993300000002,76.2719817,98,351,1,252
164,164,Faridabad,28.402836999999998,77.30856259999999,1767,15562,188,13607
165,165,Fatehabad,27.02766825,78.20743411,535,1475,21,919
166,166,Gurugram,28.4646148,77.0299194,2167,14924,145,12612
167,167,Hisar,29.168807,75.7461103,904,3610,30,2676
169,169,Jhajjar,28.5336844,76.68981212,463,1845,19,1363
170,170,Jind,29.5,76.25,550,1253,12,691
171,171,Kaithal,29.74477075,76.35092772,502,1722,21,1199
172,172,Karnal,29.6803266,76.98962540000001,1743,5165,65,3357
173,173,Kurukshetra,29.969374699999996,76.8482787,1574,3470,61,1835
174,174,Mahendragarh,28.25,76.166667,532,2451,3,1916
175,175,Nuh,28.09734515,77.05085582,164,954,16,774
176,176,Palwal,28.12502575,77.35831301,173,1903,14,1716
177,177,Panchkula,30.61621645,77.04197804,1284,3990,41,2665
178,178,Panipat,29.391275300000004,76.97716750000001,1737,5586,59,3790
179,179,Rewari,28.1956468,76.6165179,623,4429,26,3780
180,180,Rohtak,28.9010899,76.58019350000001,850,3978,44,3084
181,181,Sirsa,29.583333000000003,75.083333,843,2308,33,1432
182,182,Sonipat,29.003314399999997,77.0167323,837,5830,41,4952
183,183,Yamunanagar,30.2112003,77.28638972,611,2741,40,2090
184,184,Bokaro,23.69912795,85.99106894,449,3050,19,2582
185,185,Chatra,24.20162495,84.87817692,275,1005,5,725
186,186,Deoghar,24.4766423,86.60673245,258,1734,14,1462
187,187,Dhanbad,23.795280899999998,86.43096379999999,885,3938,44,3009
188,188,Dumka,24.2538512,87.30064714,210,803,6,587
189,189,East Singhbhum,22.5,85.5,3137,10545,238,7170
190,190,Garhwa,24.15529035,83.82522584,132,1485,7,1346
191,191,Giridih,24.25,85.916667,370,2597,9,2218
192,192,Godda,24.74334305,87.29285062,93,1000,4,903
193,193,Gumla,23.091674100000002,84.57384807,408,1232,2,822
194,194,Hazaribagh,23.9675151,85.43884569,769,2571,21,1781
195,195,Jamtara,23.9232867,86.77353494,51,542,1,490
196,196,Khunti,23.10018105,85.34545936,283,1094,3,808
197,197,Koderma,24.493123899999997,85.55608107,677,2126,17,1432
198,198,Latehar,23.74186545,84.51301367,219,1194,1,974
199,199,Lohardaga,23.46920055,84.73568423,129,776,5,642
200,200,Pakur,24.6379064,87.85569620000001,67,574,1,506
201,201,Palamu,23.916667,84.083333,153,2015,7,1855
202,202,Ramgarh,24.51772525,87.26258572,958,2769,14,1797
203,203,Ranchi,23.3700354,85.3250132,3638,12793,89,9066
204,204,Sahibganj,25.2820998,87.61850784,178,1021,9,834
205,205,Saraikela-Kharsawan,22.7464225,85.91689291,778,1982,6,1198
206,206,Simdega,22.666432500000003,84.55026791,323,1299,4,972
207,207,West Singhbhum,22.5,85.5,404,2315,16,1895
208,208,Anantnag,33.74610995,75.18544753,676,2848,53,2119
209,209,Bandipora,34.4563234,74.68249998,796,2710,28,1886
210,210,Baramulla,34.20500565,74.36221081,873,3399,112,2414
211,211,Budgam,34.04796585,74.74413978,1226,3580,70,2284
212,212,Doda,33.177430699999995,75.56752282,329,732,9,394
213,213,Ganderbal,34.2880611,75.03058171,539,2025,25,1461
214,214,Jammu,32.7185614,74.8580917,5258,7947,85,2604
215,215,Kathua,32.583333,75.5,404,1285,11,870
216,216,Kishtwar,33.2761171,75.81692388,310,565,1,254
217,217,Kulgam,33.66980055,75.01480232,126,2069,40,1903
218,218,Kupwara,34.6110236,74.23847867,940,2784,56,1788
219,219,Mirpur,33.1486351,73.7482102,0,0,0,0
220,220,Muzaffarabad,34.3734751,73.4702407,0,0,0,0
221,221,Pulwama,33.89829355,74.89634094,439,3119,60,2620
222,222,Punch,33.702939,74.24990152,415,821,6,400
223,223,Rajouri,33.3772495,74.3132332,521,1364,15,828
224,224,Ramban,33.211637100000004,75.20509891,140,794,1,653
225,225,Reasi,33.06910315,74.83786982,212,570,3,355
226,226,Samba,32.553,75.1108,409,1037,8,620
228,228,Srinagar,34.07474439999999,74.82044429999999,1921,11498,248,9329
229,229,Udhampur,33.0,75.166667,579,1398,4,815
230,230,Bagalkote,16.1853166,75.69679190000001,1223,8058,85,6750
231,231,Ballari,15.2485413,76.8323648,4492,26152,338,21322
232,232,Belagavi,15.857266599999999,74.5069343,3131,16051,237,12683
233,233,Bengaluru Rural,13.18077825,77.34174237,1387,6359,56,4916
234,234,Bengaluru Urban,12.94514225,77.55364499999999,40929,167183,2391,123862
235,235,Bidar,17.9104,77.5199,577,5362,143,4638
236,236,Chamarajanagara,11.9238058,76.9393558,360,2942,52,2519
237,237,Chikkaballapura,13.435870199999998,77.7312434,1003,5601,70,4527
238,238,Chikkamagaluru,13.5,75.5,1451,5900,98,4351
239,239,Chitradurga,14.2266443,76.4005122,1188,4702,33,3481
240,240,Dakshina Kannada,12.82225975,75.22560111,3705,16959,437,12815
241,241,Davanagere,14.4661266,75.9206361,2557,12753,225,9971
242,242,Dharwad,15.454050500000001,75.0066516,2349,14309,415,11545
243,243,Gadag,15.4263647,75.63007859999999,1177,7359,105,6077
244,244,Hassan,13.007081699999999,76.0992703,2834,11530,231,8465
245,245,Haveri,14.787482500000001,75.39967309999999,1551,6402,126,4725
246,246,Kalaburagi,17.166667,77.083333,2318,14217,242,11657
247,247,Kodagu,12.3822808,75.66523534,310,1908,26,1572
248,248,Kolar,13.1369996,78.1339606,756,4409,73,3580
249,249,Koppal,15.3484144,76.15474209999999,1746,8802,186,6870
250,250,Mandya,12.5238888,76.89619609999998,2215,8015,86,5714
251,251,Mysuru,12.3051828,76.6553609,7020,25086,576,17490
252,252,Raichur,16.083333,77.166667,1563,9227,119,7545
253,253,Ramanagara,12.7252766,77.2804797,622,4180,38,3520
254,254,Shivamogga,13.9311723,75.569737,3094,11917,197,8626
255,255,Tumakuru,13.3400771,77.1006208,2428,8892,185,6279
256,256,Udupi,13.3419169,74.74732320000001,1902,13920,129,11889
257,257,Uttara Kannada,14.72447415,74.64223734,1880,6812,80,4852
258,258,Vijayapura,16.666667,75.916667,632,7720,133,6955
259,259,Yadgir,16.7689044,77.13803809999999,1415,6788,46,5327
260,260,Alappuzha,9.48870715,76.41521381,1929,7671,18,5718
261,261,Ernakulam,9.982566499999999,76.2990313,2867,8797,46,5876
262,262,Idukki,9.849787199999998,76.97979140000001,482,2233,3,1747
263,263,Kannur,11.876225400000001,75.37380429999999,1930,5832,36,3864
264,264,Kasaragod,12.42171305,75.19044977,2155,7069,37,4874
265,265,Kollam,8.8879509,76.5955013,2268,6715,26,4418
266,266,Kottayam,9.6287383,76.64553257,2109,5998,3,3886
267,267,Kozhikode,11.2586082,75.7788735,2172,8229,42,6010
268,268,Malappuram,11.10684475,76.1099551,2782,12357,35,9534
269,269,Palakkad,10.769198900000001,76.6512469,1298,6075,7,4768
270,270,Pathanamthitta,9.27854005,76.97405943,1266,4684,3,3413
271,271,Thiruvananthapuram,8.5241122,76.9360573,5013,20878,140,15701
272,272,Thrissur,10.5256264,76.21325420000001,2061,6591,25,4501
273,273,Wayanad,11.715219,76.12690295,472,2011,5,1534
274,274,Kargil,34.420542600000005,75.64677563,376,1456,23,1057
275,275,Leh,34.1642029,77.5848133,465,1838,16,1357
276,276,Lakshadweep,10.883277099999999,72.8171069,0,0,0,0
277,277,Ahmednagar,19.1627725,74.8580243,6278,28205,423,21504
278,278,Akola,20.7618624,77.19217163,1568,5160,175,3416
279,279,Amravati,21.15454115,77.64429618,2493,8051,176,5382
280,280,Aurangabad,19.877263,75.33902409999999,6468,28737,753,21516
281,281,Beed,18.9904059,75.7542291,2024,6620,184,4412
282,282,Bhandara,27.6042854,84.64526208,1700,2747,32,1015
283,283,Buldhana,20.583333,76.416667,1653,5022,92,3277
284,284,Chandrapur,26.21231825,91.89620685,2823,5345,52,2470
285,285,Dhule,21.13050145,74.47891181,2343,10678,278,8055
286,286,Gadchiroli,19.75907035,80.16228073,255,1162,2,905
287,287,Gondia,21.455227999999998,80.19627290000001,1389,3038,31,1618
288,288,Hingoli,19.54140965,77.17376601,502,1991,44,1445
289,289,Jalgaon,20.84351185,75.52592659,9126,36009,1010,25873
290,290,Jalna,19.918232800000002,75.86862469,1833,5847,167,3847
291,291,Kolhapur,16.702841199999998,74.2405329,9193,32137,914,22030
292,292,Latur,18.35146855,76.75512122,4400,12154,346,7408
293,293,Mumbai,18.9387711,72.8353355,29176,167656,8109,130016
294,294,Mumbai Suburban,19.13095765,72.88593095,0,0,0,0
295,295,Nagpur,21.1498134,79.0820556,21727,48903,1283,25889
296,296,Nanded,19.17257215,77.29141237,5707,11192,301,5184
297,297,Nandurbar,21.36599895,74.28400358,1137,3868,98,2633
298,298,Nashik,20.0112475,73.79023640000001,12084,53684,1043,40557
299,299,Osmanabad,18.16984395,76.11796321,2304,8450,227,5919
300,300,Palghar,19.68086385,72.82537343,5455,30493,708,24330
301,301,Parbhani,19.29031365,76.60290343,1408,3959,126,2425
302,302,Pune,18.6452489,73.92318564,75610,228416,4754,148052
303,303,Raigad,18.4928092,73.13807095,10339,40438,916,29181
304,304,Ratnagiri,17.2826079,73.45697870000001,2457,5945,182,3306
305,305,Sangli,16.8502534,74.5948885,9556,23856,715,13585
306,306,Satara,17.63612885,74.29827808,8263,23409,577,14567
307,307,Sindhudurg,16.1357193,73.6522086,1116,2336,40,1180
308,308,Solapur,17.84990665,75.27632027,6679,26496,940,18876
309,309,Thane,19.1943294,72.97017790000001,28768,154994,4134,122091
310,310,Wardha,20.82562315,78.6131455,1159,2151,24,967
311,311,Washim,20.28792095,77.23606281,669,2656,48,1938
312,312,Yavatmal,20.15,78.35,1590,4916,111,3215
313,313,East Garo Hills,25.61849455,90.63421622,17,104,0,87
314,314,East Jaintia Hills,25.25157605,92.48405007,146,181,0,35
315,315,East Khasi Hills,25.40568085,91.83546771,994,2248,19,1235
316,316,North Garo Hills,25.8619841,90.70177049,12,31,0,19
318,318,South Garo Hills,25.347969,90.56577726,20,37,0,17
319,319,South West Garo Hills,25.4480527,89.9987853,9,23,0,14
320,320,South West Khasi Hills,25.330722100000003,91.32645014,5,6,0,1
321,321,West Garo Hills,25.60780175,90.20380106,211,564,1,352
322,322,West Jaintia Hills,25.4425965,92.29882747,13,40,0,27
323,323,West Khasi Hills,25.58173695,91.28910306,14,65,1,50
324,324,Bishnupur,24.56246365,93.80124837,228,288,2,58
325,325,Chandel,24.3197442,94.02109882,105,113,4,4
326,326,Churachandpur,24.378704,93.6970015,391,451,2,58
327,327,Imphal East,24.85154025,94.00947958,750,777,11,16
328,328,Imphal West,24.757326000000003,93.85847858,1865,1925,8,52
329,329,Jiribam,24.6778472,93.15490009,145,147,0,2
330,330,Kakching,24.38904015,93.88013240000001,196,223,0,27
331,331,Kamjong,24.840976899999998,94.52830741,142,159,0,17
332,332,Kangpokpi,25.1524326,93.9714932,324,345,2,19
333,333,Noney,24.8625867,93.6237454,53,71,0,18
334,334,Pherzawl,24.259565300000002,93.19060040000001,18,33,0,15
335,335,Senapati,25.380439600000003,94.05698542,251,272,0,21
336,336,Tamenglong,24.935401300000002,93.56791112,234,266,0,32
337,337,Tengnoupal,24.31392145,94.23756082,69,82,0,13
338,338,Thoubal,24.624587,94.04247928,765,801,13,23
339,339,Ukhrul,25.10926685,94.38239282,290,308,0,18
340,340,Agar Malwa,23.934296300000003,76.14523314,66,292,6,220
341,341,Alirajpur,22.28593955,74.35468609,223,835,9,603
342,342,Anuppur,23.03525965,81.38844385,56,530,5,469
343,343,Ashoknagar,24.576189000000003,77.7302895,92,312,12,208
344,344,Balaghat,21.966667,80.333333,222,536,1,313
345,345,Barwani,21.75194325,74.89175175,191,1398,16,1191
346,346,Betul,21.879616199999997,77.87568125,333,1071,22,716
347,347,Bhind,26.5,78.75,63,699,5,631
348,348,Bhopal,23.258485699999998,77.401989,1800,12945,321,10824
349,349,Burhanpur,26.269721500000003,82.99442537,40,611,25,546
350,350,Chhatarpur,24.75,79.75,114,806,19,673
351,351,Chhindwara,22.13983105,78.80964495,201,679,14,464
352,352,Damoh,23.75,79.583333,338,1008,20,650
353,353,Datia,25.75,78.5,147,935,10,778
354,354,Dewas,23.0,76.166667,131,924,17,776
355,355,Dhar,22.5,75.25,393,1335,19,923
356,356,Dindori,20.25527235,73.80730056,83,252,0,169
357,357,Guna,24.5,77.5,102,443,10,331
358,358,Gwalior,26.2037247,78.1573628,2037,7484,81,5366
359,359,Harda,22.3388828,77.09299329999999,109,597,14,474
360,360,Hoshangabad,22.600150199999998,77.92664521,297,860,23,540
361,361,Indore,22.7203616,75.8681996,4776,16431,451,11204
362,362,Jabalpur,23.1608938,79.9497702,1266,6018,108,4644
363,363,Jhabua,22.88585225,74.72513369,233,946,9,704
364,364,Katni,23.8339621,80.39245600000001,94,600,11,495
365,365,Khandwa,21.9778642,76.56882823,217,1164,26,921
366,366,Khargone,21.8187743,75.6064577,559,2281,33,1689
367,367,Mandla,22.68536625,80.58150562,109,364,5,250
368,368,Mandsaur,24.265130600000003,75.38718194,203,1118,14,901
369,369,Morena,26.166667,77.5,135,2246,17,2094
370,370,Narsinghpur,22.946704699999998,79.1980228,508,1047,6,533
371,371,Neemuch,24.63044655,75.18339615,321,1484,23,1140
372,372,Niwari,25.3124704,78.66785017,56,251,1,194
373,373,Panna,24.5,80.25,61,350,1,288
374,374,Raisen,23.25,78.083333,231,953,19,703
375,375,Rajgarh,23.87167135,76.7748902,161,1011,15,835
376,376,Ratlam,23.50195775,74.95284519,300,1464,29,1135
377,377,Rewa,24.75926685,81.65500021,340,1082,17,725
378,378,Sagar,23.80961225,78.75911361,328,1493,69,1096
379,379,Satna,24.5,81.0,192,832,22,618
380,380,Sehore,23.115688199999997,77.06623939,375,1035,23,637
381,381,Seoni,22.2758789,79.72104465,117,395,6,272
382,382,Shahdol,23.3002343,81.36477099999999,228,848,9,611
383,383,Shajapur,23.37074105,76.62051527,179,652,8,465
384,384,Sheopur,25.6656611,76.6954843,162,659,4,493
385,385,Shivpuri,25.37524125,77.82811933,483,1560,15,1062
386,386,Sidhi,24.25,82.0,202,505,2,301
387,387,Singrauli,24.1974432,82.6661453,106,457,8,343
388,388,Tikamgarh,24.85450275,79.04698124,112,550,15,423
389,389,Ujjain,23.174597,75.78514229999999,407,2183,83,1693
390,390,Umaria,23.64319305,80.94239522,72,213,3,138
391,391,Vidisha,23.916667,78.0,269,1222,27,926
392,392,Aizawl,23.7414092,92.7209297,436,933,0,497
393,393,Champhai,23.69082385,93.3483912,2,17,0,15
394,394,Hnahthial,22.966365600000003,93.01026449,2,2,0,0
395,395,Khawzawl,23.53892045,93.15868391,0,3,0,3
396,396,Kolasib,24.18947525,92.71331813,103,206,0,103
397,397,Lawngtlai,22.34596495,92.81195361,4,33,0,29
398,398,Lunglei,22.898553,92.75192292,10,128,0,118
399,399,Mamit,23.75590845,92.45173569,12,33,0,21
400,400,Saiha,22.499551800000003,92.97798989,4,31,0,27
401,401,Saitual,23.6929995,92.965428,5,9,0,4
402,402,Serchhip,23.385892300000002,92.93059891,6,19,0,13
404,404,Dimapur,25.913591399999998,93.7283707,723,2505,8,1763
405,405,Kiphire,25.81551155,94.841664,11,16,0,5
406,406,Kohima,25.75,94.166667,386,1534,0,1144
407,407,Longleng,26.49031725,94.77214247,0,7,0,6
408,408,Mokokchung,26.479586100000002,94.51052755,17,39,0,22
409,409,Mon,26.8038,94.9767,24,325,0,298
410,410,Peren,25.47907705,93.72563659,3,350,0,347
411,411,Phek,25.75,94.5,1,34,0,33
412,412,Tuensang,26.1685055,94.85819822,3,73,0,70
413,413,Wokha,26.166667,94.25,1,35,0,34
414,414,Zunheboto,26.0,94.5,4,119,0,115
415,415,State Pool,42.56134215,-71.78221148,1037,1037,0,0
416,416,Angul,20.8382426,85.0973949,868,1902,4,1030
417,417,Balangir,20.75,83.25,929,2869,10,1930
418,418,Balasore,21.5002888,86.9202627,1155,5174,20,3999
419,419,Bargarh,21.3474637,83.65427922,1701,4323,9,2613
420,420,Bhadrak,21.0633288,86.50537309999999,906,3887,14,2967
421,421,Boudh,20.8415619,84.3213321,407,1093,0,686
422,422,Cuttack,20.4686,85.8792,3602,13015,51,9362
423,423,Deogarh,21.5370786,84.7301184,126,373,0,247
424,424,Dhenkanal,20.75,85.5,522,2539,2,2015
425,425,Gajapati,19.19557415,84.19297736,213,3152,19,2920
426,426,Ganjam,19.5,84.5,501,19211,223,18487
427,427,Jagatsinghpur,20.2593872,86.1660878,952,2996,6,2038
428,428,Jajpur,20.852269600000003,86.3385714,1492,5734,8,4234
429,429,Jharsuguda,21.87705125,84.00905064,818,2508,1,1689
430,430,Kalahandi,19.75,83.0,582,1977,5,1390
431,431,Kandhamal,20.13069385,84.07904761,492,2844,15,2337
432,432,Kendrapara,20.50040085,86.43170623,1045,3091,4,2042
433,433,Kendujhar,21.5892323,85.66878414,518,2865,10,2337
434,434,Khordha,20.22564715,85.56059465,7034,25996,102,18860
435,435,Koraput,18.7232023,82.60811828,790,4759,7,3962
436,436,Malkangiri,18.35835435,81.89823749,266,2788,11,2511
437,437,Mayurbhanj,21.75,86.5,1269,5618,13,4336
438,438,Nabarangapur,19.60962325,82.29876854,786,2128,4,1338
439,439,Nayagarh,20.116066600000003,85.11195644,604,3797,18,3175
440,440,Nuapada,20.76909975,82.51862846,781,1495,0,714
441,441,Puri,19.807608300000002,85.8252538,2063,6287,28,4196
442,442,Rayagada,18.96599855,84.19287455,712,6086,33,5341
443,443,Sambalpur,21.4,83.883333,881,3987,16,3090
444,444,Subarnapur,27.227494099999998,84.71486465,927,1743,4,812
445,445,Sundargarh,22.25,84.5,870,5533,42,4621
446,446,Amritsar,31.634308299999997,74.8736788,1424,6283,242,4617
447,447,Barnala,30.3704685,75.50401742,417,1436,30,989
448,448,Bathinda,30.17911535,75.04710156,1315,3882,67,2500
449,449,Faridkot,30.60092505,74.79477423,676,1890,30,1184
450,450,Fatehgarh Sahib,30.660076399999998,76.38002164,177,1363,53,1133
451,451,Fazilka,30.336099600000004,74.11794319,419,1391,20,952
452,452,Ferozepur,30.6839733,76.3594033,577,2353,60,1716
453,453,Gurdaspur,31.9042299,75.22738141,1296,3907,85,2526
454,454,Hoshiarpur,31.60857425,75.84644247,926,2794,82,1786
455,455,Jalandhar,31.29201065,75.56805772,2717,9427,248,6462
456,456,Kapurthala,31.38524095,75.30552274,600,1985,90,1295
457,457,Ludhiana,30.9090157,75.851601,1858,13262,572,10832
458,458,Mansa,29.8769971,75.48898661,390,1004,15,599
459,459,Moga,30.783986600000002,75.16057423,523,1822,48,1251
460,460,Pathankot,32.3017104,75.65864247,767,2126,34,1325
461,461,Patiala,30.2090874,76.33987209,1583,8314,233,6498
462,462,Rupnagar,31.09168085,76.52726739,337,1256,41,878
463,463,S.A.S. Nagar,30.8823935,75.8703501,1889,6142,134,4119
464,464,Sangrur,30.2093363,75.81842243,372,2688,111,2205
466,466,Sri Muktsar Sahib,30.4692,74.5182,601,1617,21,995
467,467,Tarn Taran,31.32124525,74.84130629,348,1157,44,765
468,468,Karaikal,11.7003,75.5425,290,1237,20,927
469,469,Mahe,-4.68379555,55.49263801,45,102,0,57
470,470,Puducherry,11.934056800000002,79.83064470000001,4224,16867,316,12327
471,471,Yanam,16.7333666,82.21451640000001,288,1239,34,917
472,472,Ajmer,26.4691,74.639,431,5164,83,4650
473,473,Alwar,27.63907705,76.61445249,755,8906,31,8120
474,474,Banswara,23.4930788,74.34840231,171,842,7,664
475,475,Baran,24.9171512,76.69640322,283,994,13,698
476,476,Barmer,25.581903399999998,71.61966243,139,2479,25,2315
477,477,Bharatpur,27.26521245,77.36912555,174,3916,73,3669
478,478,Bhilwara,25.48877345,74.69961284,295,2500,16,2189
479,479,Bikaner,28.015928600000002,73.3171367,328,5202,90,4784
480,480,BSF Camp,23.220050699999998,69.66143129999999,0,85,0,85
481,481,Bundi,25.5,75.833333,372,925,5,548
482,482,Chittorgarh,24.718026000000002,74.47214697,198,1247,10,1039
483,483,Churu,28.206144300000002,74.6919073,192,1218,8,1018
484,484,Dausa,26.80486585,76.44374570000001,91,674,9,574
485,485,Dholpur,26.7009896,77.89678570000001,188,2515,23,2304
487,487,Evacuees,51.455268200000006,-2.5898439,0,61,0,61
488,488,Ganganagar,23.7497214,91.87663495,192,893,9,692
490,490,Italians,-28.797528399999997,-52.51486056,0,2,0,2
491,491,Jaipur,26.916194,75.820349,5366,14657,297,8994
492,492,Jaisalmer,27.02801615,70.77850562,134,528,6,388
493,493,Jalore,25.347600600000003,72.6260916,126,1478,13,1339
494,494,Jhalawar,24.313236800000002,76.52223626,355,2091,7,1729
495,495,Jhunjhunu,28.1287995,75.39925809999998,136,1233,7,1090
496,496,Jodhpur,26.2967719,73.0351433,2076,14812,118,12618
497,497,Karauli,26.51668105,77.05772977,111,680,7,562
498,498,Kota,25.196825600000004,76.00089331,2546,7371,87,4738
499,499,Nagaur,27.0607859,74.17667538,245,2791,44,2502
500,500,Pali,25.604090799999998,73.41560879,189,4536,48,4299
501,501,Pratapgarh,25.75,81.75,183,601,8,410
502,502,Rajsamand,25.29131615,73.82449247,200,1431,18,1213
503,503,Sawai Madhopur,26.22914115,76.30453277,142,671,17,512
504,504,Sikar,27.662826000000003,75.02792629,215,3091,24,2852
505,505,Sirohi,24.8114047,72.83002573,91,1519,18,1410
506,506,Tonk,26.12214725,75.66375374,111,809,13,685
507,507,Udaipur,24.578720999999998,73.6862571,248,2762,34,2480
508,508,East Sikkim,27.601028999999997,88.45413639,337,1446,3,1106
509,509,North Sikkim,27.601028999999997,88.45413639,0,1,0,1
510,510,South Sikkim,27.601028999999997,88.45413639,402,475,0,73
511,511,West Sikkim,27.601028999999997,88.45413639,72,87,0,15
512,512,Adilabad,19.5,78.5,1276,1291,0,15
513,513,Bhadradri Kothagudem,17.71534525,80.57149762,2774,2778,0,4
514,514,Hyderabad,17.38878595,78.46106473,55467,55795,23,305
515,515,Jagtial,18.82135895,78.91506633,2907,2909,0,2
516,516,Jangaon,17.726546300000003,79.25901525,1772,1773,0,1
517,517,Jayashankar Bhupalapally,18.5159872,79.9693966,973,973,0,0
518,518,Jogulamba Gadwal,16.0999202,77.73415835,2112,2138,1,25
519,519,Kamareddy,18.316551,78.05393808,2935,2943,0,8
520,520,Karimnagar,18.4346438,79.13226479999999,6469,6485,0,16
521,521,Khammam,17.5,80.333333,4516,4519,0,3
523,523,Mahabubabad,17.7138983,80.04134253,2471,2472,0,1
524,524,Mahabubnagar,16.69656855,77.95911462,2580,2588,0,8
525,525,Mancherial,18.876179500000003,79.4449696,2654,2655,1,0
526,526,Medak,17.9375095,78.21174499,1764,1768,0,4
527,527,Medchal Malkajgiri,17.53498345,78.52463874,9006,9016,1,9
528,528,Mulugu,18.1932372,79.94136759999999,993,995,0,2
529,529,Nagarkurnool,16.41576265,78.68304333,1933,1935,0,2
530,530,Nalgonda,16.8579636,79.21749353,5207,5219,0,12
531,531,Narayanpet,16.70055175,77.61648447,573,574,1,0
532,532,Nirmal,19.09152095,78.39660898,1081,1094,0,13
533,533,Nizamabad,26.05531795,82.99313868,4567,4597,0,30
534,534,Peddapalli,18.62065305,79.49501711,3026,3027,0,1
535,535,Rajanna Sircilla,18.452116,78.76455837,2278,2280,0,2
536,536,Ranga Reddy,12.9554461,80.25303740000001,12954,12973,2,17
537,537,Sangareddy,17.86859205,77.82281995,4155,4161,0,6
538,538,Siddipet,18.0055851,78.89611305,3305,3306,0,1
539,539,Suryapet,17.08001385,79.79253297,3282,3306,0,24
540,540,Vikarabad,17.2702855,77.74529701,922,938,1,15
541,541,Wanaparthy,16.2852944,77.98644727,1701,1701,0,0
542,542,Warangal Rural,17.94854255,79.81612399,1723,1723,0,0
543,543,Warangal Urban,18.02625695,79.46444494,6164,6187,0,23
544,544,Yadadri Bhuvanagiri,17.42819665,79.09049098,1622,1622,0,0
545,545,Ariyalur,11.07603595,79.11745538,261,3260,37,2962
546,546,Chengalpattu,12.76657415,79.99931907,2007,30065,475,27583
547,547,Chennai,13.080172099999999,80.2838331,10648,147591,2956,133987
548,548,Coimbatore,11.0018115,76.96284250000001,3562,21665,349,17754
549,549,Cuddalore,11.74269375,79.75030644,3136,16023,170,12717
550,550,Dharmapuri,12.09680475,78.19304301,675,1987,19,1293
551,551,Dindigul,10.3303299,78.06739791,791,7796,149,6856
552,552,Erode,11.369204400000001,77.67662687,1006,4409,56,3347
553,553,Kallakurichi,11.79468465,79.03882106,902,7761,87,6772
554,554,Kancheepuram,12.87960515,79.70427615,1230,19235,287,17718
555,555,Kanyakumari,8.079252,77.5499338,745,10847,206,9896
556,556,Karur,10.9301522,78.08485455,391,2127,31,1705
557,557,Krishnagiri,12.518883500000001,78.22065359999999,808,3107,44,2255
558,558,Madurai,9.926115300000001,78.1140983,908,15238,371,13959
559,559,Nagapattinam,10.8056276,79.82465978,1077,3919,67,2775
560,560,Namakkal,11.2191319,78.23739802,828,3210,50,2332
561,561,Nilgiris,11.4,76.7,509,2279,17,1753
562,562,Perambalur,11.2287716,78.81825555,97,1521,19,1405
563,563,Pudukkottai,10.5,78.833333,776,7293,118,6399
564,564,Ramanathapuram,9.3895523,78.85907072,301,5165,113,4751
565,565,Ranipet,11.6643,78.146,650,11952,143,11159
566,566,Salem,44.9391565,-123.033121,1920,14180,218,12042
567,567,Sivaganga,9.851231,78.53047155,221,4475,114,4140
568,568,Tenkasi,9.09407535,77.4758369,606,6224,116,5502
569,569,Thanjavur,10.786026699999999,79.1381497,815,8192,128,7249
570,570,Theni,9.969664300000002,77.47420049,781,13685,157,12747
571,571,Thiruvallur,13.13014755,79.92435386,1981,28025,470,25574
572,572,Thiruvarur,10.73618605,79.63318659,751,5123,64,4308
573,573,Thoothukkudi,8.7567452,78.07975266,694,12251,119,11438
574,574,Tiruchirappalli,10.804973,78.6870296,899,8753,132,7722
575,575,Tirunelveli,8.722388,77.710247,1100,11017,193,9724
576,576,Tirupathur,12.4533064,78.55290857,485,3631,73,3073
577,577,Tiruppur,10.79152665,77.53254663,1529,4446,84,2833
578,578,Tiruvannamalai,12.22721295,79.07015555,1568,12878,192,11118
579,579,Vellore,12.7948109,79.0006411,1071,12543,192,11280
580,580,Viluppuram,11.9137874,79.50789298,885,9312,85,8342
581,581,Virudhunagar,9.5208936,77.8784564,417,13647,202,13028
582,582,Dhalai,23.8253158,91.97322267,854,1953,7,1091
583,583,Gomati,23.4613369,91.60718004,617,2109,21,1470
584,584,Khowai,24.04673835,91.62320954,464,1353,17,872
585,585,North Tripura,24.092147600000004,92.24512135,609,1624,7,1002
587,587,South Tripura,23.5,91.666667,671,1447,9,764
588,588,Unokoti,24.19098485,92.04604831,560,1165,9,596
589,589,West Tripura,23.916667,91.5,3303,7053,107,3632
590,590,Agra,27.1752554,78.0098161,828,4045,113,3104
591,591,Aligarh,27.87698975,78.13729028,1716,6367,31,4620
592,592,Ambedkar Nagar,26.40349795,82.60728149,274,1162,24,864
593,593,Amethi,26.34738315,81.62387832,577,1946,14,1355
594,594,Amroha,28.923396899999997,78.48831693,450,2158,23,1685
595,595,Auraiya,26.65573395,79.51504701,380,1736,19,1337
596,596,Ayodhya,26.799070699999998,82.2052321,1050,4636,55,3531
597,597,Azamgarh,26.02269675,83.02887343,523,3806,61,3222
598,598,Baghpat,28.97240405,77.33315285,170,1093,18,905
599,599,Bahraich,27.7336958,81.47732128,415,2577,42,2120
600,600,Ballia,25.87793255,84.11995931,810,4892,58,4024
601,601,Balrampur,25.452,80.5438,199,1222,20,1003
602,602,Banda,-36.378992499999995,-60.385588899999995,441,1411,14,956
603,603,Barabanki,26.93823105,81.38609761,1110,5017,42,3865
604,604,Bareilly,28.457876000000002,79.40557094,1952,8462,127,6383
605,605,Basti,27.25,83.0,453,2956,60,2443
606,606,Bhadohi,25.42292275,82.48843708,265,1357,11,1081
607,607,Bijnor,29.40604895,78.48087840000001,483,2382,26,1873
608,608,Budaun,28.06831165,79.04607312,492,2147,21,1634
609,609,Bulandshahr,28.38886085,77.97479773,556,2923,50,2317
610,610,Chandauli,25.1265777,83.24965577,551,2593,23,2019
611,611,Chitrakoot,25.2195207,81.10228243,200,954,5,749
612,612,Deoria,26.42384715,83.76273169,915,5035,53,4067
613,613,Etah,27.554114600000002,78.6007864,408,1354,11,935
614,614,Etawah,26.71832435,79.09025375,846,3064,44,2174
615,615,Farrukhabad,27.43719385,79.48912947,439,1762,30,1293
616,616,Fatehpur,25.8435395,80.91800397,418,1756,27,1311
617,617,Firozabad,27.17736635,78.38991198,447,2117,50,1620
618,618,Gautam Buddha Nagar,28.36760975,77.59740326,2008,10192,48,8136
619,619,Ghaziabad,28.711240999999998,77.4445372,1968,10787,73,8746
620,620,Ghazipur,25.6035084,83.50745405,378,3334,33,2923
621,621,Gonda,27.1096669,81.91832912,475,3152,32,2645
622,622,Gorakhpur,26.67132865,83.36458284,2898,12737,187,9652
623,623,Hamirpur,25.75,80.0,168,848,15,665
624,624,Hapur,28.7406125,77.83542557,347,2139,34,1758
625,625,Hardoi,27.33857665,80.09752646,775,3495,47,2673
626,626,Hathras,27.57324325,78.11173867,121,798,7,670
627,627,Jalaun,26.105546,79.42765265,322,1743,16,1405
628,628,Jaunpur,25.7955927,82.48834098,532,4349,57,3760
629,629,Jhansi,25.53103115,78.65268902,1051,5674,116,4507
630,630,Kannauj,26.9996974,79.68861213,263,2011,17,1731
631,631,Kanpur Dehat,26.460046500000004,79.85551,410,1494,16,1068
632,632,Kanpur Nagar,26.4402119,80.26930513,4625,20020,527,14868
633,633,Kasganj,27.88384605,78.63489004,268,1158,2,888
634,634,Kaushambi,25.53609455,81.44672839,201,1229,14,1014
635,635,Kushinagar,26.7438272,83.91623220000001,710,4096,26,3360
636,636,Lakhimpur Kheri,27.98506015,80.75384538,742,3241,38,2461
637,637,Lalitpur,24.70038485,78.51866759,590,1965,27,1348
638,638,Lucknow,26.8381,80.9346001,9555,39188,516,29117
639,639,Maharajganj,27.09254225,83.56696261,724,3872,50,3098
640,640,Mahoba,25.36176885,79.70499475,139,662,6,517
641,641,Mainpuri,27.209821899999998,79.04813701,572,2178,37,1569
642,642,Mathura,27.633333,77.583333,777,3096,58,2261
643,643,Mau,26.0376878,83.49793418,395,2008,20,1593
644,644,Meerut,28.916666999999997,77.68333299999999,1981,6498,171,4346
645,645,Mirzapur,24.935634699999998,82.6477013,324,2013,26,1663
646,646,Moradabad,28.8638424,78.80577833,1232,6662,120,5310
647,647,Muzaffarnagar,29.44800635,77.74068503,1118,3295,43,2134
648,648,Pilibhit,28.49520765,80.1075408,409,2906,47,2450
649,649,Pratapgarh,25.75,81.75,834,2781,35,1912
650,650,Prayagraj,25.4381302,81.8338005,3726,14192,216,10250
651,651,Rae Bareli,26.25,81.25,616,2142,57,1469
652,652,Rampur,28.79406825,79.18593045,712,4235,34,3489
653,653,Saharanpur,29.988077399999998,77.50812995,1726,5751,75,3950
654,654,Sambhal,28.61875255,78.55087405,261,1878,33,1584
655,655,Sant Kabir Nagar,26.788273699999998,82.96007979999999,232,2260,28,2000
656,656,Shahjahanpur,27.91263315,79.74656295,1024,4491,58,3409
657,657,Shamli,29.5008816,77.34838259,506,1702,12,1184
658,658,Shrawasti,27.2716,82.821,77,825,11,737
660,660,Sitapur,27.5046392,80.82946583,646,2904,24,2234
661,661,Sonbhadra,24.38657525,83.07863061,658,2247,19,1570
662,662,Sultanpur,26.24251085,82.29616932,528,2643,41,2074
663,663,Unnao,26.57550365,80.61376178,670,2791,55,2066
664,664,Varanasi,25.3356491,83.0076292,2092,10761,206,8463
665,665,Almora,29.703095,79.43317023,309,859,3,544
666,666,Bageshwar,30.0086722,79.9302968,143,369,1,225
667,667,Chamoli,30.499632300000002,79.61879246,162,512,0,347
668,668,Champawat,29.23631315,80.10172077,257,511,2,252
669,669,Dehradun,30.3255646,78.0436813,2890,6962,195,3844
670,670,Haridwar,29.9384473,78.1452985,1811,6419,63,4521
671,671,Nainital,29.2031392,79.4176945,1231,3915,72,2601
672,672,Pauri Garhwal,29.84591115,78.70766746,478,1069,10,564
673,673,Pithoragarh,30.12666775,80.48338014,230,635,4,401
674,674,Rudraprayag,30.300996500000004,79.06287965,256,476,1,218
675,675,Tehri Garhwal,30.5,78.666667,456,1707,2,1249
676,676,Udham Singh Nagar,29.0480988,79.43131332,1226,5647,45,4350
677,677,Uttarkashi,30.965421399999997,78.63368731,332,1255,4,915
678,678,Alipurduar,26.485157300000004,89.5246926,511,3200,27,2662
679,679,Bankura,23.13195425,87.2073972,642,3768,26,3100
680,680,Birbhum,24.0,87.583333,362,2687,20,2305
681,681,Cooch Behar,26.3223696,89.4592445,583,4188,20,3585
682,682,Dakshin Dinajpur,25.38703085,88.50471505,401,4424,29,3994
683,683,Darjeeling,27.0383718,88.26175440000002,694,6113,91,5328
684,684,Hooghly,22.9052114,88.3760639,1496,9768,168,8104
685,685,Howrah,22.5736296,88.32510450000001,895,15045,449,13701
686,686,Jalpaiguri,26.62648365,88.73407701,546,4640,39,4055
687,687,Jhargram,22.377063600000003,87.04867177,54,358,2,302
688,688,Kalimpong,27.071690000000004,88.4729,86,610,3,521
689,689,Kolkata,22.54541245,88.35677516,4151,46047,1461,40435
690,690,Malda,25.0057449,88.1398483,382,5514,47,5085
691,691,Murshidabad,24.1745993,88.2721335,608,4300,52,3640
692,692,Nadia,23.48454125,88.55676307,914,5303,63,4326
693,693,North 24 Parganas,22.7182799,88.64248091,4538,41067,876,35653
694,694,Paschim Bardhaman,23.64260775,87.16448126,1081,5248,44,4123
695,695,Paschim Medinipur,22.3599134,87.41331448,1360,6745,78,5307
696,696,Purba Bardhaman,23.391717,87.90621212,621,3642,25,2996
697,697,Purba Medinipur,22.06382145,87.74573459999999,1477,8386,84,6825
698,698,Purulia,23.032189000000002,89.5911025,467,2073,6,1600
699,699,South 24 Parganas,22.1815262,88.53780484,1331,13528,247,11950
700,700,Uttar Dinajpur,25.8707958,87.96259728,321,2773,27,2425
701,701,North and Middle Andaman,12.61123865,92.83165406,0,1,0,1
702,702,South Andaman,10.7056905,92.4874679,19,51,0,32
703,703,Anantapur,14.654623499999998,77.55625984,4529,48785,400,43856
704,704,Chittoor,13.160104800000001,79.15555062,8530,48441,520,39391
705,705,East Godavari,17.233496,81.7225986,12295,75394,449,62650
706,706,Guntur,16.2915189,80.4541588,7572,44546,459,36515
707,707,Krishna,16.6691525,80.71900240000001,3068,20877,342,17467
708,708,Kurnool,15.830925099999998,78.0425373,4229,51184,412,46543
709,709,Prakasam,14.4426,79.9865,14851,35654,367,20436
711,711,Srikakulam,18.32002205,83.9160772,6241,31497,284,24972
712,712,Visakhapatnam,17.7231276,83.30128420000001,6037,43433,352,37044
713,713,Vizianagaram,18.1120819,83.40521962,9479,27373,192,17702
714,714,West Godavari,17.0,81.166667,6726,49398,385,42287
715,715,Y.S.R. Kadapa,14.475293599999999,78.8216861,6939,35580,300,28341
716,716,Anjaw,28.111430100000003,96.82699963,27,78,0,51
717,717,Changlang,27.139840200000002,95.7382485,97,586,0,489
718,718,East Kameng,27.3,93.05,21,241,0,220
719,719,East Siang,28.3,95.15,151,401,1,249
720,720,Kamle,27.629,84.7645667,0,3,0,3
721,721,Kra Daadi,27.96354175,93.76656539,1,4,0,3
722,722,Kurung Kumey,27.98636765,93.15783469,15,20,0,5
723,723,Lepa Rada,27.9211266,94.74093620000001,29,78,0,49
724,724,Lohit,28.03501615,96.17135154,44,185,0,141
725,725,Longding,26.879454600000003,95.31556525,54,76,0,22
726,726,Lower Dibang Valley,28.21495625,95.87877404,74,122,0,48
727,727,Lower Siang,27.80069825,94.56502334,17,140,0,123
728,728,Lower Subansiri,27.8,93.6,48,102,0,54
729,729,Namsai,27.71403055,96.01597094,17,212,1,194
730,730,Pakke Kessang,27.15828555,93.15615024,0,28,0,28
731,731,Papum Pare,27.28636665,93.61875168,606,2177,4,1567
732,732,Shi Yomi,28.68516625,94.23678241,7,21,0,14
733,733,Siang,28.477491999999998,94.81655729,1,43,0,42
734,734,Tawang,27.5879186,91.863733,61,218,1,156
735,735,Tirap,27.03016895,95.49791755,59,222,0,163
736,736,Upper Dibang Valley,28.7,95.7,0,1,0,1
737,737,Upper Siang,28.73120455,95.03773151,35,99,0,64
738,738,Upper Subansiri,28.3,94.0,29,167,0,138
739,739,West Kameng,27.4,92.35,84,422,3,335
740,740,West Siang,28.4,94.55,221,315,0,94
